pre demo,5,
0.0,1.45,2.07
1.84,5.989999999999999,0.62
2.63,3.05,0.73
0.0,6.47,1.95
5.43,8.04,2.07
7.169842057721648,3.043212017179697,-0.7817792013632108
7.0704567589351655,3.110615089883411,-0.6746899183385437
7.119945077468392,3.0841379614022006,-0.7895151485520593
